UNIVERS,,CATÉGORIES,,SOUS CATÉGORIES,,FILTRES,
ARTS,,,,,,,
Maison,Home,Art,Art,Cadres,Frames,,
Maison,Home,Art,Art,Sculptures,Sculptures,,
Maison,Home,Art,Art,Tableaux,Paintings & Drawings,,
ARTS DE LA TABLE,,,,,,,
Maison,Home,Arts de la table,Dining,Appareils de cuisine,Kitchen appliances,,
Maison,Home,Arts de la table,Dining,Vaisselle,Tableware,Assiettes,Plates
Maison,Home,Arts de la table,Dining,Vaisselle,Tableware,Bols,Bowls
Maison,Home,Arts de la table,Dining,Vaisselle,Tableware,Carafes,Carafes
Maison,Home,Arts de la table,Dining,Vaisselle,Tableware,Couverts,Cutlery
Maison,Home,Arts de la table,Dining,Vaisselle,Tableware,Dessous de verre,Coasters
Maison,Home,Arts de la table,Dining,Verres,Drinking glasses,,
Maison,Home,Arts de la table,Dining,Thé & Café,Tea & Coffee,,
Maison,Home,Arts de la table,Dining,Orfèvrerie,Gold & Silverware,,
BOUGIES & DIFFUSEURS,,,,,,,
Maison,Home,Bougies & Diffuseurs,Candles & Diffusers,Chandeliers & Bougeoirs,Candlesticks & Candleholders,,
Maison,Home,Bougies & Diffuseurs,Candles & Diffusers,Bougies parfumées,Scented candles,,
Maison,Home,Bougies & Diffuseurs,Candles & Diffusers,Diffuseurs,Diffusers,,
Maison,Home,Bougies & Diffuseurs,Candles & Diffusers,Pots-pourris Cristaux & Encens,Potpourris Crystals & Incense,Pots-pourris,Potpourris
Maison,Home,Bougies & Diffuseurs,Candles & Diffusers,Pots-pourris Cristaux & Encens,Potpourris Crystals & Incense,Cristaux,Crystals
Maison,Home,Bougies & Diffuseurs,Candles & Diffusers,Pots-pourris Cristaux & Encens,Potpourris Crystals & Incense,Encens,Incense
DÉCORATION,,,,,,,
Maison,Home,Décoration,Decoration ,Assiettes murales,Wall plates,,
Maison,Home,Décoration,Decoration ,Boîtes,Boxes,,
Maison,Home,Décoration,Decoration ,Cendriers,Ashtrays,,
Maison,Home,Décoration,Decoration ,Corbeilles,Baskets & Bins,,
Maison,Home,Décoration,Decoration ,Coussins,Pillows,,
Maison,Home,Décoration,Decoration ,Couvertures & Plaids,Blankets & Throw,,
Maison,Home,Décoration,Decoration ,Horloges,Clocks,,
Maison,Home,Décoration,Decoration ,Miroirs,Mirrors,,
Maison,Home,Décoration,Decoration ,Plateaux & Tréteaux,Trays & Trestles,Pateaux ronds,Round trays
Maison,Home,Décoration,Decoration ,Plateaux & Tréteaux,Trays & Trestles,Plateaux rectangulaires,Rectangular trays
Maison,Home,Décoration,Decoration ,Plateaux & Tréteaux,Trays & Trestles,Tréteaux,Trestles
Maison,Home,Décoration,Decoration ,Porte-parapluies,Umbrella stands,,
Maison,Home,Décoration,Decoration ,Porte-revues & Serre-livres,Magazine racks & Bookends,,
Maison,Home,Décoration,Decoration ,Tapis,Rugs,,
Maison,Home,Décoration,Decoration ,Vases,Vases,,
LUMINAIRES,,,,,,,
Maison,Home,Luminaires,Lighting,Abat-jours,Lamp shades,,
Maison,Home,Luminaires,Lighting,Lampadaires,Floor lamps,,
Maison,Home,Luminaires,Lighting,Lampes de table,Table lamps,,
Maison,Home,Luminaires,Lighting,Luminaires muraux,Wall lights,,
Maison,Home,Luminaires,Lighting,Suspensions,Suspensions lamps,,
Maison,Home,Luminaires,Lighting,Pieds de lampe,Lamp bases,,
MEUBLES,,,,,,,
Maison,Home,Meubles,Furnitures,Cabinets & Commodes,Cabinets & Dressers,Cabinets,Cabinets
Maison,Home,Meubles,Furnitures,Cabinets & Commodes,Cabinets & Dressers,Buffets,Sideboards
Maison,Home,Meubles,Furnitures,Cabinets & Commodes,Cabinets & Dressers,Commodes,Dressers
Maison,Home,Meubles,Furnitures,Cabinets & Commodes,Cabinets & Dressers,Secrétaires & Trumeaux,Secretaries
Maison,Home,Meubles,Furnitures,Assises,Seating,Bancs,Benches
Maison,Home,Meubles,Furnitures,Assises,Seating,Canapés & Poufs,Sofas & Poufs
Maison,Home,Meubles,Furnitures,Assises,Seating,Chaises & Fauteuils,Chairs & Armchairs
Maison,Home,Meubles,Furnitures,Assises,Seating,Tabourets,Stools
Maison,Home,Meubles,Furnitures,Bibliothèques,Bookcases,,
Maison,Home,Meubles,Furnitures,Paravents,Screens,,
Maison,Home,Meubles,Furnitures,Tables,Tables,,
LIFESTYLE,,,,,,,
Maison,Home,Lifestyle,Lifestyle,,,,