MARQUES,UNIVERS,CATEGORIES,SOUS-CATEGORIES,FILTRES,COULEURS,PAYS,MATIERES,ENTRETIEN,TAILLE,COUPE
2saints,Femme,Vêtements,Combinaisons,Body,Argenté,Afghanistan,Abaca,Brosser.,Bagues ÉTATS-UNIS,La coupe est slim.
07A,Homme,Chaussures,Hauts,Chemises & Blouses,Beige,Afrique du sud,Acétate,"En machine, température max 30°C.",Bagues FRANCE,La coupe est skinny.
08 Sircus,Maison,Sacs,Denim,T-shirts & Débardeurs,Blanc,Albanie,Acétate (doublure),"En machine, température max 40°C.",Bagues ITALIE,La coupe est droite.
11 by Boris Bidjan Saberi,,Accessoires,Jupes,Tops,Bleu,Algérie,Acétate (empiècement),Lavage à la main.,Bagues ROYAUME-UNI,La coupe est près du corps.
32 Paradis Sprung Frères,,Bijoux & Montres,Maillots de bain,Jeans droits,Bleu Marine,Allemagne,Acier,Nettoyage à sec.,Bagues STANDARD,La coupe est cintrée.
1017 ALYX 9SM,,Art,Manteaux & Vestes,Jeans larges,Bordeaux,Angola,Acier inoxydable ,Nettoyage chez un spécialiste.,Bracelets STANDARD,La coupe est ample.
69 by Isaac Sellam,,,,,,,,,,
A New Cross,,Arts de la table,Pantalons & Shorts,Jeans slim,Bronze,Anguilla,Acrylique,Nettoyer avec une brosse douce. Pulverisez le daim avec un agent anti-tâches avant d’être porté. ,Ceintures CM,La coupe est large.
A Dose of Something Good,,Bougies & Diffuseurs,Pulls & Maille,Jupes longues,Camel,Antarctique,Acrylique (doublure),"Nettoyer avec une éponge imbibée, puis cirer.",Ceintures POUCES,La coupe est évasée.
A Tentative Atelier,,Décoration,Robes,Jupes midi,Doré,Antigua et Barbuda,Acrylique (rembourrage),Nettoyer avec une éponge imbibée.,Ceintures STANDARD,La coupe est ajustée.
A-COLD-WALL*,,Luminaires,Blousons,Mini-jupes,Gris,Antilles Néerlandaises,Alashan cashmere,Utiliser une brosse pour nubuck.,Chapeaux ÉTATS-UNIS,La coupe est structurée.
Aalto,,Meubles,Chaussures plates,Capes,Imprimé,Arabie Saoudite,Alcantara,"Nettoyer avec un chiffon, sans savon ni détergent abrasif.",Chapeaux EUROPE,La coupe est asymétrique.
Aether Eyewear,,,,,,,,,,
Afroditi Hera,,Lifestyle,Baskets,Doudounes,Jaune,Argentine,Alpaga,,Chapeaux ROYAUME-UNI,La coupe est trapèze.
Aganovich,,,Bottes & Bottines,Cuirs & Fourrures,Kaki,Arménie,Alpaga (doublure),,Chapeaux STANDARD,La coupe est oversize.
AïZEA,,,Chaussures à talons,Faux cuirs & Fausses fourrures,Marron,Aruba,Aluminium,,Chapeaux STANDARD Numérique,
AJMONE,,,Sandales,Manteaux courts,Multicolore,Australie,Angora,,Chaussures BRÉSIL,
Alanui,,,Cabas,Manteaux longs,Neutre,Autriche,Angora (doublure),,Chaussures CHINE,
Alex Perry,,,Pochettes,Manteaux oversize,Noir,Azerbaïdjan,Angora de lapin,,Chaussures ÉTATS-UNIS,
Alex Mullins,,,Sacs à dos,Parkas,Orange,Bahamas,Ardoise,,Chaussures EUROPE,
Alexander McQueen,,,Sacs à main,Trenchs,Rose,Bahreïn,Argent,,Chaussures FRANCE,
Alexis,,,Sacs à bandoulière,Pantalons de jogging & Leggings,Rouge,Bangladesh,Argent sterling,,Chaussures ITALIE,
Alison Berger Glassworks,,,Sacs ceinture,Pantalons droits,Transparent,Barbade,Astrakan,,Chaussures JAPON,
Ambientec,,,Ceintures,Pantalons écourtés,Vert,Belgique,Autres fibres,,Chaussures ROYAUME-UNI,
AMBUSH®,,,Chapeaux & Bonnets,Pantalons en cuir,,Bengladesh,Baby cashmere,,Chemises COL,
American Studio Craft,,,Chaussettes,Pantalons en faux cuir,,Bénin,Bambou,,Enfant,
Andrea Crews,,,Echarpes & Gants,Pantalons habillés,,Bermudes,Bois,,Gants POUCES,
Andy Wolf,,,Lunettes de Soleil,Pantalons larges,,Bhoutan,Bois de rose,,Gants STANDARD,
Ann Demeulemeester x Serax,,,Petite maroquinerie,Pantalons slim,,Biélorussie,Branchage,,Jeans,
Ann Demeulemeester,,,Autres,Cardigans,,Birmanie,Bronze,,Lunettes MM,
Anna Torfs,,,Bagues,Ponchos,,Bolivie,Cachemire,,Lunettes STANDARD,
Archives,,,Boucles d'oreilles,Pulls,,"Bonaire, Saint-Eustache et Saba",Cachemire (doublure),,Pantalons FRANCE,
Archivio J.M. Ribot,,,Bracelets,Sweatshirts & Hoodies,,Bosnie-Herzégovine,Calcédoine,,Pantalons ITALIE,
Aristide Najean,,,Colliers,Robes courtes,,Botswana,Cannetille (empiècement),,Soutiens-gorge,
Artselab,,,Montres,Robes longues,,Brésil,Caoutchouc,,Taille Unique,
Atelier Buffile,,,Chemises,Robes mi-longues,,Brunéi Darussalam,Carbone,,Vêtements AUSTRALIE,
Atelier Von Pelt,,,Costumes & Smokings,Blazers,,Bulgarie,Carcasse,,Vêtements BRÉSIL,
Atelier Serpi,,,Hauts & T-shirts,Blousons & Bombers,,Burkina Faso,Carton,,Vêtements CHINE,
Attachment,,,Écharpes & Gants,Gilets,,Burundi,Céramique,,Vêtements DANEMARK,
Avant Toi,,,Boutons de manchette,Vestes casual,,Cachemire,Chanvre,,Vêtements ÉTATS-UNIS,
Awake,,,Cadres,Vestes structurées,,Cambodge,Chrome,,Vêtements FRANCE Femme,
Balenciaga,,,Sculptures,Baskets basses,,Cameroun,Cire,,Vêtements FRANCE/ITALIE Homme,
Bally,,,Tableaux,Baskets hautes,,Canada,Cire végétale,,Vêtements ITALIE Femme,
Bally x Swizz Beatz,,,Appareils de cuisine,Bottes à talons,,Cap-Vert,Cordon métallique,,Vêtements JAPON,
Balmain,,,Vaisselle,Bottes plates,,Chili,Cordovan,,Vêtements ROYAUME-UNI,
Bénédicte Vallet,,,,,,,,,,
 Benjamin Benmoyal ,,,,,,,,,,
Be Positive,,,Verres,Bottines à talons,,Chine,Corne,,Vêtements RUSSIE,
Ben Storms,,,Thé & Café,Bottines plates,,Chypre,Coton,,Vêtements STANDARD,
Besfxxk,,,Orfèvrerie,Sandales à talons,,Colombie,Coton (doublure),,Vêtements STANDARD Numerique,
Bitossi Ceramiche,,,Chandeliers & Bougeoirs,Sandales plates,,Comores,Coton (empiècement),,,
Blackyoto,,,Bougies parfumées,Écharpes,,Congo,Cristal,,,
Blancha,,,Diffuseurs,Tour de cou,,Corée du Sud,Cristaux,,,
Blindness,,,Pots-pourris Cristaux & Encens,Porte-cartes,,Corée du Sud,Cristaux de sel de mer,,,
Bmuet(te),,,Assiettes murales,Portefeuilles & Porte-monnaies,,Costa Rica,Cristaux Swarovski,,,
Boboutic,,,Boîtes,Chemises manches courtes,,Côte d'Ivoire,Cuir,,,
Bode,,,,,,,,,,
Bokja,,,Cendriers,Chemises manches longues,,Croatie,Cuir (doublure),,,
Borek Sipek,,,Corbeilles,Pantalons cargo,,Cuba,Cuir (semelles),,,
Boris Bidjan Saberi x Salomon,,,Coussins,Pantalons de jogging,,Curaçao,Cuir d'agneau,,,
Boris Bidjan Saberi,,,Couvertures & Plaids,Débardeurs,,Danemark,Cuir d'agneau (doublure),,,
Both,,,Horloges,Polos,,Djibouti,Cuir d'âne,,,
By Walid,,,Miroirs,T-shirts manches courtes,,Dominique,Cuir d'antilope,,,
Casablanca,,,,,,,,,,
CA4LA,,,Plateaux & Tréteaux,T-shirts manches longues,,Ecosse,Cuir d'autruche,,,
Canada Goose,,,Porte-parapluies,Assiettes,,Égypte,Cuir de bélier,,,
Canada Goose x Y/Project,,,Porte-revues & Serre-livres,Bols,,Émirats Arabes Unis,Cuir de bison,,,
Canada Goose x Juun.J,,,Tapis,Carafes,,Équateur,Cuir de boeuf,,,
Carlo Moretti,,,Vases,Couverts,,Érythrée,Cuir de buffle,,,
Carol Christian Poell,,,Abat-jours,Dessous de verre,,Espagne,Cuir de buffle d'eau,,,
Carven,,,Lampadaires,Pots-pourris,,Estonie,Cuir de cerf,,,
Cedric Jacquemyn,,,Lampes de table,Cristaux,,Ethiopie,Cuir de chameau,,,
Chadwick,,,Luminaires muraux,Encens,,EU,Cuir de cheval,,,
Chenpeng,,,Suspensions,Pateaux ronds,,Fédération de Russie,Cuir de cheval (doublure),,,
Cherevichkiotvichki,,,Pieds de lampe,Plateaux rectangulaires,,Finlande,Cuir de chèvre,,,
Chloé,,,Cabinets & Commodes,Tréteaux,,France,Cuir de chèvre (doublure),,,
Christopher Nemeth,,,Assises,Cabinets,,Gabon,Cuir de chevreau,,,
Cledran,,,Bibliothèques,Buffets,,Gambie,Cuir de crocodile,,,
Comme Des Garçons,,,Paravents,Commodes,,Georgie,Cuir de kangourou,,,
Comme Des Garçons Homme Plus,,,Tables,Secrétaires & Trumeaux,,Géorgie du Sud-et-les Îles Sandwich du Sud,Cuir de karung,,,
Comme Des Garçons Play,,,Combinaisons & Salopettes,Bancs,,Ghana,Cuir de mouton (doublure),,,
Comme Des Garçons Shirt,,,Jeans,Canapés & Poufs,,Gibraltar,Cuir de requin,,,
Comme Des Garçons Shirt x Asics,,,Manteaux,Chaises & Fauteuils,,Grèce,Cuir de serpent,,,
Coperni,,,,,,,,,,
Cornelian Taurus,,,Pantalons,Tabourets,,Grenade,Cuir de taureau,,,
Cottweiler,,,Shorts,,,Groënland,Cuir de vache,,,
Courrèges,,,,,,,,,,
Craig Green,,,T-shirts & Débardeurs,,,Guadeloupe,Cuir de vachette,,,
Curtis Jeré,,,Vestes,,,Guam (É-U),Cuir de veau,,,
Dalo,,,Vêtements d'intérieur,,,Guatemala,Cuir de veau (doublure),,,
Deepti,,,Derbies & Richelieu,,,Guernesey,Cuir de veau (semelles),,,
Del Carlo,,,Espadrilles,,,Guinée,Cuir de veau sans chrome,,,
Delada,,,Mocassins,,,Guinée Bissau,Cuir de yack,,,
Di Liborio,,,Bagages & Sacs de voyage,,,Guinée Équatoriale,Cuir nappa,,,
Diamondogs,,,Chapeaux,,,Guyane,Cuir synthétique,,,
Diesel Red Tag,,,Cravates & Noeuds papillon,,,Guyane Française,Cuivre,,,
Dita,,,Écharpes,,,Haïti,Cupro,,,
Dom Rebel,,,Gants,,,Honduras,Cupro (doublure),,,
Donald Drumm,,,Lunettes,,,Hong-Kong,Cupro (empiècement),,,
Dovetusai,,,Porte-clés,,,Hongrie,Daim,,,
Dr. Martens x Undercover,,,Masques,,,Île Bouvet,Diamants,,,
Dries Van Noten,,,,,,Île Christmas,Diamants falamank,,,
DRKSHDW,,,,,,Île de Man,Diamants Icy,,,
Drome,,,,,,Île Maurice,Diamants noirs,,,
Edhen,,,,,,Île Norfolk,Duvet (rembourrage),,,
Editamateria,,,,,,Îles Caïmans,Duvet d'oie (rembourrage),,,
Edward Crutchley,,,,,,Îles Cocos (Keeling),Duvet de canard (rembourrage),,,
Eligo,,,,,,Îles Cook,Élasthanne,,,
Elina Linardaki,,,,,,Îles Féroé,Élasthanne (doublure),,,
Ellery,,,,,,Îles Fidji,Élastique,,,
En Shalla,,,,,,Îles Heard et McDonald,Elastodiène,,,
Englander & Bonta,,,,,,Îles Malouines,Élastomère,,,
Erdem,,,,,,Îles Mariannes du Nord,Elastomultiester,,,
ESDE,,,,,,Îles Marshall,Elite,,,
Facetasm,,,,,,Îles mineures éloignées des États-Unis,Elite (doublure),,,
Factory900,,,,,,Îles Pitcairn,Émaille,,,
Faith Connexion,,,,,,Îles Salomon,Encens,,,
Faliero Sarti,,,,,,Îles Turques et Caïques,Étain,,,
Fanga,,,,,,Îles Vierges (Britaniques),EVA (semelles),,,
FDMTL,,,,,,Îles Vierges (USA),Fausse fourrure,,,
Federico Curradi,,,,,,Inde,Fer,,,
Fendi,,,,,,Indonésie,Feutre de castor,,,
Fob Paris,,,,,,Irak,Feutre de lapin,,,
Forcerepublik,,,,,,Iran,Fibre,,,
Fornasetti,,,,,,Irlande,Fibre de verre,,,
Fornasetti Vintage,,,,,,Islande,Fibre métallique,,,
François Thevenin,,,,,,Israël,Fil d'acier,,,
Frei Mut,,,,,,Italie,Fil de cuivre,,,
Frenckenberger,,,,,,Jamaïque,Fil métallique,,,
Fumito Ganryu,,,,,,Japon,Flax,,,
Gabriele Pasini,,,,,,Jordanie,Fluorofibre,,,
Gabriela Hearst,,,,,,,,,,
Ganryu x Salomon,,,,,,Kazakhstan,Fourrure,,,
Gatti,,,,,,Kenya,Fourrure d'agneau,,,
Geoffrey B. Small,,,,,,Kiribati,Fourrure d'agneau (doublure),,,
Geoffrey Parker,,,,,,Koweït,Fourrure d'orylag,,,
Ghidini 1961,,,,,,Laos,Fourrure de castor,,,
Gilles Caffier,,,,,,Le Belize,Fourrure de chèvre,,,
Giorgio Brato,,,,,,Lesotho,Fourrure de coyote,,,
Glas Italia,,,,,,Lettonie,Fourrure de kalgan,,,
Goti di Goti,,,,,,Liban,Fourrure de kidassia,,,
Greedilous,,,,,,Liberia,Fourrure de lapin,,,
Greg Lauren,,,,,,Libye,Fourrure de lapin (doublure),,,
Griffe Montenapoleone by Vetrerie di Empoli,,,,,,Liechtenstein,Fourrure de mouton,,,
Gucci,,,,,,Lituanie,Laine cachemire,,,
Guidi,,,,,,Londres,Plastique,,,
Haider Ackermann,,,,,,Luxembourg,Plexiglas,,,
Hed Mayner,,,,,,Macao,,,,
Herno,,,,,,Macédoine,Fourrure de poney,,,
Horisaki,,,,,,Madagascar,Fourrure de ragondin,,,
Hugh Findletar,,,,,,Malaisie,Fourrure de raton laveur,,,
Hyein Seo,,,,,,Malawi,Fourrure de renard,,,
IH NOM UH NIT,,,,,,Maldives,Fourrure de renard doré,,,
Iiuvo,,,,,,Mali,Fourrure de rex,,,
Ilaria Nistri,,,,,,Malte,Fourrure de swakara,,,
Individual Sentiments,,,,,,Maroc,Fourrure de vison,,,
Isaac Sellam,,,,,,Martinique (Française),Fujiflex,,,
Issey Miyake Eyewear,,,,,,Mauritanie,Glycérine,,,
Issey Miyake,,,,,,Mayotte,Gomme (semelles),,,
J.W Anderson,,,,,,Mexique,Grenat,,,
Jacques Marie Mage,,,,,,Micronésie,Grès,,,
Jil Sander,,,,,,Moldavie,Grille métallique,,,
John,,,,,,Monaco,Gypse,,,
John Burdick,,,,,,Mongolie,Hématite,,,
John Alexander Skelton,,,,,,Monténégro,Huile,,,
John-Paul Philippe,,,,,,Montserrat,Huile de silicone,,,
Jordanluca,,,,,,Mozambique,Ikat,,,
Julius,,,,,,Namibie,Inox,,,
Junya Watanabe,,,,,,Nauru,,,,
Juun.J,,,,,,Népal,Jeune alpaga,,,
Kame Man Nen,,,,,,Nicaragua,Jeune alpaga royal,,,
Kanghyuk,,,,,,Niger,Jute,,,
Kanghyuk x Reebok,,,,,,Nigéria,Kid Mohair,,,
Knit Brary,,,,,,Niué,Laine,,,
Koché,,,,,,Norvège,Laine d'agneau,,,
Ksubi ,,,,,,,,,,
Ksubi x Hidji World,,,,,,Nouvelle Calédonie (Française),Laine d'alpaga,,,
Kuboraum,,,,,,Nouvelle-Zélande,Laine de chameau,,,
Kuro,,,,,,Oman,Laine (doublure),,,
Label Under Construction,,,,,,Ouganda,Laine (empiècement),,,
Lamberto Losani,,,,,,Ouzbékistan,Laine mérinos,,,
Lanvin,,,,,,Pakistan,Laine polaire,,,
Laura B,,,,,,Palau,Laine shetland,,,
Layer-0,,,,,,Panama,Laine vierge,,,
Le Kasha,,,,,,Papouasie-Nouvelle-Guinée,Laine vierge,,,
Leclaireur,,,,,,Paraguay,Laine vierge (doublure),,,
Leon Emanuel Blanck,,,,,,Pays-Bas,Laine de yack,,,
Litkovskaya,,,,,,Pérou,Laiton,,,
Loha Vete,,,,,,Philippines,Laiton argenté,,,
Loverboy,,,,,,Pologne,Laiton plaqué or,,,
Lukhanyo Mdingi,,,,,,,,,,
M.A+,,,,,,Polynésie (Française),Lama,,,
Mad et Len,,,,,,Porto Rico,Lapin,,,
Made on Grand,,,,,,Portugal,Liège,,,
Madoda Fani,,,,,,Principauté d'Andorre,Lin,,,
Maison Margiela x Reebok,,,,,,Qatar,Lin (doublure),,,
Maison Rabih Kayrouz,,,,,,République Centre-Africaine,Lolite,,,
Maison Ullens,,,,,,République démocratique du Congo,,,,
Maison Margiela,,,,,,République Dominicaine,Lucite,,,
Maison Mihara Yasuhiro,,,,,,République Kirghize (Kirghizistan),Lurex métallique,,,
Maison Ravn,,,,,,République tchèque,Lycra,,,
Marc Le Bihan,,,,,,Réunion (Française),Lycra (doublure),,,
Marc Jacques Burton,,,,,,Roumanie,Lyocell,,,
Marchand Drapier,,,,,,Royaume-Uni,Maille,,,
Marine Serre,,,,,,Rwanda,Marbre,,,
Mario Bellini,,,,,,Sahara Occidental,Marcassite,,,
Marsèll,,,,,,Saint Barthélémy,Mercure,,,
Masnada,,,,,,Saint Christophe et Niévès,Métal,,,
Master & Dynamic,,,,,,Saint Pierre et Miquelon,Micro cellulaire (semelles),,,
Mastercraft Union,,,,,,Saint Vincent & Grenadines,Micro (semelles),,,
Mathieu Miljavac,,,,,,Saint-Martin (partie française),Micromodal,,,
Matias Denim,,,,,,Saint-Martin (partie néerlandaise),Modacrylique (doublure),,,
Matsuda,,,,,,Saint-Siège (État du Vatican),Modacrylique,,,
Mattew Miller,,,,,,Sainte Hélène,Modal,,,
Matthew Miller,,,,,,Sainte-Lucie,Modal (doublure),,,
Melitta Baumeister,,,,,,Salvador,Mohair,,,
Miaoran,,,,,,Samoa,Mohair (empiècement),,,
Miharayasuhiro,,,,,,Samoa américaines,Mousse,,,
Moncler,,,,,,San-Marin,Mouton,,,
Moncler Genius Craig Green,,,,,,Sao Tomé et Principe,Mouton (doublure),,,
Moncler Genius,,,,,,Sénégal,Nacre,,,
Moncler x Rick Owens,,,,,,Serbie,Néoprène,,,
Monse,,,,,,Seychelles,Nickel,,,
Moohong,,,,,,Sierra Leone,Nylon,,,
Mr&Mrs,,,,,,Singapour,Nylon (doublure),,,
Mr&Mrs Italy,,,,,,Slovaquie,Nylon (empiècement),,,
Muñoz Vrandecic,,,,,,Slovénie,Onyx,,,
Myar,,,,,,Somalie,Opossum,,,
Mylinh Nguyen,,,,,,Soudan,Or,,,
Myths,,,,,,Sri Lanka,Or blanc,,,
Nanushka,,,,,,Sud Soudan,Or rose,,,
Natasha Zinko,,,,,,Suède,Paille,,,
Neil Barrett,,,,,,Suisse,Paille de sisal,,,
Nigel Cabourn,,,,,,Suriname,Palladium,,,
Nike x Comme Des Garçons,,,,,,Svalbard et îles Jan Mayen,Papier,,,
Noir Kei Ninomiya,,,,,,Swaziland,Papier japonais,,,
Numero 10,,,,,,Syrie,Patine de bronze,,,
Nymphenburg,,,,,,Tadjikistan,Plastique recyclé (APET),,,
Off-White,,,,,,Taïwan,Peau d'agneau,,,
Officine Creative,,,,,,Tanzanie,Peau de cerf,,,
Olympia Le Tan,,,,,,Tchad,Peau de chèvre,,,
Orolog,,,,,,Terres Australes Françaises,Peau de chèvre (doublure),,,
Orylag,,,,,,Territoire britannique de l'océan Indien,Peau de chamois,,,
Oscar de la Renta,,,,,,"Territoire palestinien, occupé",Peau de lapin,,,
Osvaldo Borsani,,,,,,Thaïlande,Peau de lézard,,,
Paco Rabanne,,,,,,,,,,
Paul Harnden,,,,,,Timor Oriental,Peau de mouton,,,
Paul Evans,,,,,,Togo,Peau retournée (agneau),,,
Per Götesson,,,,,,Tokelau,Peau retournée (mouton),,,
Péro,,,,,,Tonga,Peau de serpent,,,
Peter Do,,,,,,,,,,
Peter Pilotto,,,,,,Trinité et Tobago,Peau de vache,,,
Peter Non,,,,,,Tunisie,Peau de vache (doublure),,,
Petrosolaum,,,,,,Turkménistan,Peau de veau,,,
Phaedo,,,,,,Turquie,Peau de veau (doublure),,,
Philip & Kevin Laverne,,,,,,Tuvalu,Perles,,,
Philippe Hiquily,,,,,,Ukraine,Perles de verre,,,
Pierre Bonnefille,,,,,,Uruguay,Phylon (semelles),,,
Pierre-Louis Mascia,,,,,,USA,Pierre,,,
Piet Hein Eek,,,,,,Vanuatu,Pierre de lave,,,
PLAY Comme des Garçons,,,,,,Venezuela,Plaqué or et laiton doré,,,
Poiret,,,,,,Vietnam,Plastique (perles),,,
Ports 1961,,,,,,Wallis et Futuna,Platine,,,
Preciously,,,,,,Yémen,Galuchat,,,
Preen by Thornton Bregazzi,,,,,,Yougoslavie,Plumes de canard (rembourrage),,,
Premiata,,,,,,Zaïre,Plumes,,,
Printed Artworks,,,,,,Zambie,Plumes de dindon,,,
Private 02 04,,,,,,Zimbabwe,Plumes d'oie (rembourrage),,,
Projekt Produkt,,,,,,Zone neutre,Plumes de pintade,,,
Quetsche,,,,,,,Plumes (rembourrage),,,
R13,,,,,,,Poil de chameau (rembourrage),,,
Raparo,,,,,,,Polyacrylique,,,
Reilly Fakenews,,,,,,,Polyamide,,,
Renli su,,,,,,,Polyamide (empiècement),,,
Richard Quinn,,,,,,,Polyamide (doublure),,,
Rick Owens,,,,,,,Polycarbonate,,,
Rigards,,,,,,,Polychlorure de vinyle,,,
Roberto Collina,,,,,,,Polyester,,,
Rocking H,,,,,,,Polyester (doublure),,,
Rokh,,,,,,,Polyester (empiècement),,,
Rosa Maria,,,,,,,Polyester (rembourrage),,,
Rosantica,,,,,,,Polyéthylène,,,
Sacai,,,,,,,Polyéthylène (doublure),,,
Sagittaire A,,,,,,,Polyéthylène (rembourrage),,,
Saint Laurent,,,,,,,Polymetal,,,
San Lorenzo,,,,,,,Polypropylène,,,
Sara Lanzi,,,,,,,Polystyrène,,,
Sawaya & Moroni,,,,,,,Polyuréthane,,,
Scunzani Ivo,,,,,,,Polyuréthane (doublure),,,
Sener Besim,,,,,,,Polyurethane thermoplastique,,,
Shiro Sakai,,,,,,,Porcelaine,,,
Side Slope,,,,,,,Poudre de bronze,,,
Sies Marjan,,,,,,,Poulain,,,
Silvano Sassetti,,,,,,,Prasiolite,,,
Simeon Farrar,,,,,,,PVC,,,
Simone Rocha,,,,,,,Pyrite,,,
Sofie d'Hoore,,,,,,,Python,,,
Song for the Mute,,,,,,,Quartz,,,
Sprookjes,,,,,,,Quartz fumé,,,
Stella McCartney,,,,,,,Ramie,,,
Stuart Weitzman,,,,,,,Ramie (doublure),,,
Suzusan,,,,,,,Raphia,,,
Tacet,,,,,,,Rat musqué,,,
Taichimurakami,,,,,,,Raton Laveur,,,
Takahiromiyashit Thesoloist.,,,,,,,Rayonne,,,
Texas Robot,,,,,,,Rayonne (doublure),,,
The Elder Statesman,,,,,,,Renard,,,
The Row,,,,,,,Renard argenté,,,
The Last Conspiracy,,,,,,,Renard roux,,,
Therabody,,,,,,,Résine,,,
Thierry Colson,,,,,,,Résine de nylon,,,
Thom Browne,,,,,,,Résine polyuréthane,,,
Thomas Eyck,,,,,,,Rhodochrosite,,,
Tibaeg,,,,,,,Roche,,,
Timothy Richards,,,,,,,Roseau,,,
Tobias Wistisen,,,,,,,Rotin,,,
Tokujin Yoshioka,,,,,,,Ruban à gros grain,,,
Toogood,,,,,,,Rubis,,,
True Tribe,,,,,,,Saphir,,,
U-Boat,,,,,,,Satin,,,
Ugo Cacciatori,,,,,,,Serpent ayers,,,
Uma Wang,,,,,,,Shearling,,,
Un Solo Mundo,,,,,,,Silicone,,,
Undercover,,,,,,,Silicone (semelles),,,
Unknown,,,,,,,Soie,,,
Utzon,,,,,,,Silk (empiècement),,,
Valentino,,,,,,,Soie de mûrier,,,
Vava Eyewear,,,,,,,Soie (doublure),,,
VBH,,,,,,,Soie grège,,,
Vera Wang,,,,,,,Spandex,,,
Vincenzo De Cotiis,,,,,,,Spandex (doublure),,,
Wales Bonner,,,,,,,Spandex/Élasthanne,,,
Warm Me,,,,,,,Strass,,,
Warren Platner,,,,,,,Taffetas acétate (doublure),,,
Werkstatt:München,,,,,,,Technique mixe,,,
White,,,,,,,Teck,,,
Wnderkammer,,,,,,,Tencel,,,
Wons Mous,,,,,,,Terre cuite,,,
Xiao Li,,,,,,,TEX/SYN,,,
Y/Project,,,,,,,Tissu,,,
Y/Project x Canada Goose,,,,,,,Tissu,,,
Yang Li,,,,,,,Tissu (doublure),,,
Yatay,,,,,,,Tissu synthétique,,,
Yeezy,,,,,,,Titane,,,
Yesey,,,,,,,Toile,,,
Yohji Yamamoto x Vessel,,,,,,,Topaze,,,
Yohji Yamamoto,,,,,,,TPU,,,
Youser,,,,,,,Triacétate,,,
Youth of Paris,,,,,,,Veau pleine fleur (garniture),,,
Ziggy Chen,,,,,,,Veau velours,,,
Zimmermann,,,,,,,Velours,,,
Zoobeetle x JDL,,,,,,,Ventile,,,
Pia Manu,,,,,,,Verre,,,
Pierre Giraudon,,,,,,,Verre recyclé,,,
Pierre Louis Mascia,,,,,,,Viscose,,,
Pushbutton,,,,,,,Viscose (doublure),,,
Rajesh Pratap Singh,,,,,,,Vison,,,
Ray Howlett,,,,,,,Mink (doublure),,,
René Buthaud,,,,,,,Vitrail,,,
Rochas,,,,,,,Washi,,,
Rocio,,,,,,,Zinc,,,
Roggykei,,,,,,,Polytétrafluoroéthylène,,,
Rombaut,,,,,,,Coton Organique,,,
Rossi et Arcandi,,,,,,,Polyuréthane Bio,,,
Rubber Soul,,,,,,,Vacelites,,,
Segno Italiano,,,,,,,Ethyléne-acétate de vinyle,,,
Serge Thoraval,,,,,,,Fibre de carbone,,,
Shiro Sakai x Leclaireur,,,,,,,Cuir de mouton,,,
Song for the Mute x Leclaireur,,,,,,,Soie Tussah,,,
Sophie Dries,,,,,,,polyvinyle,,,
Stouls,,,,,,,Plumes d'autruche,,,
Studio Tangent,,,,,,,Cuir de veau (accessoires),,,
Studio Wieki Somers For Thomas Eyck,,,,,,,Plumes de Faisans,,,
Suketdhir,,,,,,,Chanvre (doublure),,,
Suprema,,,,,,,Agneau (garniture),,,
Sylvia Toledano,,,,,,,acrylique (empiècement),,,
TAKAHIROMIYASHITATheSoloist.,,,,,,,Cuir verni,,,
Teatum Jones,,,,,,,Caoutchouc (semelle),,,
Tecknomonster,,,,,,,Laine mohair,,,
The Shepherd UNDERCOVER,,,,,,,polyester métalisé,,,
The Viridi-Anne,,,,,,,Polyamide (bordure),,,
Thierry Lemaire,,,,,,,Viscose (bordure),,,
Tichelaar,,,,,,,Rayonne (empiècement),,,
Timothy Richard,,,,,,,Tencel (empiècement),,,
Tomoyuki Iwanami,,,,,,,Soie (empiècements),,,
Tuinch,,,,,,,Viscose (empiècement),,,
Tumi,,,,,,,Magnésium,,,
Vans x FDMTL,,,,,,,Sucre,,,
Vicenzo de Cotiis,,,,,,,Eau de Chevreuse,,,
Vintage,,,,,,,Lotus,,,
Vittorio Introini,,,,,,,Nepeta,,,
Voodoo,,,,,,,Coquelicot,,,
Werkstatt:Munchen,,,,,,,Mélisse,,,
Wild and Woolly,,,,,,,Jus de Citron,,,
Yataï,,,,,,,Glycérine végétale,,,
Yates,,,,,,,CBD 500mg,,,
Zaha Hadid,,,,,,,Huile d’Olive de Tanche ,,,
Zanieri,,,,,,,CBD,,,
Zuhair Murad,,,,,,,CBD 100mg,,,
Dr. Martens x Rick Owens,,,,,,,Miel,,,
Hakusan,,,,,,,Propylène glycol (PG),,,
Agnona,,,,,,,Glycérine végétale (VG,,,
DRKSHDW x CONVERSE,,,,,,,CBD (cannabidiol),,,
Ann Demeulemeester-Serax,,,,,,,Terpènes,,,
,,,,,,,Mangue,,,
,,,,,,,Passion,,,
,,,,,,,Vanille,,,
,,,,,,,Sucre de canne,,,
,,,,,,,Citron,,,
,,,,,,,Pectine d’agrumes,,,
,,,,,,,Miel d’acacia français,,,
,,,,,,,Miel de fleurs français,,,
,,,,,,,Riz soufflé,,,
,,,,,,,Orange,,,
,,,,,,,Poivre rouge de kampot,,,
,,,,,,,Cuir de vache (empiècement),,,
,,,,,,,Polyester recyclé,,,